{
    "bundleid": "com.edgeros.default",
    "ignore_modules": [
        "@edgeros/edgeros_test"
    ],
    "ignore_path": [
        "./test/*"
    ],
    "assets": {
        "ico_big": "assets/big.png",
        "ico_small": "assets/small.png",
        "splash": "assets/start.jpg"
    },
    "program": {
        "gss": false,
        "log": "console",
        "will": false,
        "reside": false,
        "mesv": "0.9.0"
    },
    "vendor": {
        "id": "default@company.com",
        "name": "default",
        "email": "default@company.com",
        "phone": "",
        "fax": ""
    }
}